text,modality,is_scam,severity,clean_text
TRAI verification pending. Confirm details by calling +91-98728-31517.,sms,1,3,trai verification pending. confirm details by calling +91- OTP - OTP .
Address incomplete. Reschedule delivery: https://rebrand.ly/GdfOiZ6 Jaldi karo.,sms,1,3,address incomplete. reschedule delivery: URL jaldi karo.
PhonePe Security: Malware detected. Install Remote Assist from https://cybercrime-case.in/rlgzusgnux for cleanup.,sms,1,4,phonepe security: malware detected. install remote assist from URL for cleanup.
Pre-approved loan ‚Çπ9900. Activate by paying processing ‚Çπ199 at https://tinyurl.com/eL2ZL5L,sms,1,3,pre-approved loan ‚Çπ OTP . activate by paying processing ‚Çπ199 at URL
"Hi, I‚Äôll reach by 7:00 PM. See you soon.",sms,0,1,"hi, i‚Äôll reach by 7:00 pm. see you soon."
Device warranty expiring today. Verify at Jaldi karo.,sms,1,3,device warranty expiring today. verify at jaldi karo.
URGENT: Jio password change hua. Agar aapne nahi kiya to reset: https://amazon.in/32tr8hd851,sms,0,1,urgent: jio password change hua. agar aapne nahi kiya to reset: URL
Apple Security: Malware detected. Install QuickSupport from https://verify-now.co/nwfcot79ky for cleanup.,sms,1,4,apple security: malware detected. install quicksupport from URL for cleanup.
BESCOM: Bill overdue ‚Çπ7500. Power cut in 2 hours. Pay at https://bit.ly/effIp1B Jaldi karo.,sms,1,4,bescom: bill overdue ‚Çπ OTP . power cut in 2 hours. pay at URL jaldi karo.
"OLX: Buyer sent payment. To receive ‚Çπ50000, share OTP.",sms,1,4,"olx: buyer sent payment. to receive ‚Çπ OTP , share otp."
Address incomplete. Reschedule delivery: https://t.co/8Kjuhfj,sms,1,3,address incomplete. reschedule delivery: URL
KYC update required. Share PAN/Aadhaar photo on WhatsApp number +91-87823-43618. Jaldi karo.,sms,1,4,kyc update required. share pan/aadhaar photo on whatsapp number +91- OTP - OTP . jaldi karo.
Prize release requires processing fee ‚Çπ99. Pay via UPI lkjxcu@ibl.,sms,1,4,prize release requires processing fee ‚Çπ99. pay via upi lkjxcu@ibl.
HR: Selected. Share Aadhaar/PAN for verification. WhatsApp +91-85788-12996,sms,1,3,hr: selected. share aadhaar/pan for verification. whatsapp +91- OTP - OTP
"Dear customer, your card will be blocked today. Verify details at https://rebrand.ly/CqmeGMJ",sms,1,4,"dear customer, your card will be blocked today. verify details at URL"
Earn ‚Çπ200000/day. Join VIP group using https://bit.ly/kOSwD7D,sms,1,3,earn ‚Çπ OTP /day. join vip group using URL
Refund pending. Confirm bank details at https://gpay-help.in/9g1m143k0d,sms,1,3,refund pending. confirm bank details at URL
"Dear customer, your card will be blocked today. Verify details at https://cutt.ly/I7f8PVU",sms,1,4,"dear customer, your card will be blocked today. verify details at URL"
BESCOM: Bill ‚Çπ100000 due 20-Dec. Official app ya https://airtel.in/eaqfvhb18n se pay karo.,sms,0,1,bescom: bill ‚Çπ OTP due 20-dec. official app ya URL se pay karo.
Pre-approved loan ‚Çπ199. Activate by paying processing ‚Çπ499 at https://tinyurl.com/akCIjEl,sms,1,3,pre-approved loan ‚Çπ199. activate by paying processing ‚Çπ499 at URL
BESCOM: Bill of ‚Çπ5000 due on 15-Jun. Pay via official app or https://icicibank.com/shzssaj386,sms,0,1,bescom: bill of ‚Çπ OTP due on 15-jun. pay via official app or URL
Congrats! You won ‚Çπ999 in Mega Bumper Draw. Claim: Call +91-95302-36343 Ref Y0JL23.,sms,1,3,congrats! you won ‚Çπ999 in mega bumper draw. claim: call +91- OTP - OTP ref y0jl23.
Delhivery: Delivery attempt failed. Reschedule at https://cutt.ly/X1nVtFv,sms,0,1,delhivery: delivery attempt failed. reschedule at URL
Your email hacked. Call technician +91-62430-09408 now.,sms,1,3,your email hacked. call technician +91- OTP - OTP now.
Work-from-home job ‚Çπ349/month. Pay training fee ‚Çπ999. Details:,sms,1,3,work-from-home job ‚Çπ349/month. pay training fee ‚Çπ999. details:
HR: Selected. Share Aadhaar/PAN for verification. WhatsApp +91-64705-05638,sms,1,3,hr: selected. share aadhaar/pan for verification. whatsapp +91- OTP - OTP
Court notice: Settlement required today. Call karo +91-86854-63467 abhi.,sms,1,5,court notice: settlement required today. call karo +91- OTP - OTP abhi.
It's me. Network issue. Please transfer now. nmejlq@ibl,sms,1,4,it's me. network issue. please transfer now. nmejlq@ibl
Delhivery: Parcel held at customs. Pay clearance ‚Çπ499 at https://secure-kyc-update.in/r7bio32jqw within 30 minutes.,sms,1,4,delhivery: parcel held at customs. pay clearance ‚Çπ499 at URL within 30 minutes.
This is TRAI. FIR filing in process. Verify identity at https://pay-safe.link/a9yncyn7pc within 2 hours.,sms,1,5,this is trai. fir filing in process. verify identity at URL within 2 hours.
Court notice: Settlement required today. Call karo +91-79829-88364 abhi. Jaldi karo.,sms,1,5,court notice: settlement required today. call karo +91- OTP - OTP abhi. jaldi karo.
Device warranty expiring today. Verify at https://t.co/Gp7mOAb,sms,1,3,device warranty expiring today. verify at URL
ALERT: Axis KYC pending. Update now to avoid account freeze: https://verify-now.co/2cakxgydfx,sms,1,4,alert: axis kyc pending. update now to avoid account freeze: URL
Address incomplete. Reschedule delivery:,sms,1,3,address incomplete. reschedule delivery:
TRAI verification pending. Confirm details by calling +91-62537-75981.,sms,1,3,trai verification pending. confirm details by calling +91- OTP - OTP .
Device warranty expiring today. Verify at https://rebrand.ly/WPjWyDN,sms,1,3,device warranty expiring today. verify at URL
You are under 'digital arrest'. Stay on line and transfer ‚Çπ1500 to verify innocence.,sms,1,5,you are under 'digital arrest'. stay on line and transfer ‚Çπ OTP to verify innocence.
Blue Dart: Delivery attempt failed. Reschedule at https://rebrand.ly/1ZvdUq3,sms,0,1,blue dart: delivery attempt failed. reschedule at URL
Instant loan. Confirm OTP to proceed.,sms,1,4,instant loan. confirm otp to proceed.
Reminder: Appointment with Dr. Mehta on 03-Nov at 7:00 PM.,sms,0,1,reminder: appointment with dr. mehta on 03-nov at 7:00 pm.
Vi: SIM will be deactivated today due to KYC pending. Update: https://verify-now.co/c2dnrnhr7x,sms,1,4,vi: sim will be deactivated today due to kyc pending. update: URL
Double money in 30 days. Join investment group: https://customs-clearance.in/duwz0eia0x,sms,1,3,double money in 30 days. join investment group: URL
"Hi Mom, new number. Emergency. Send ‚Çπ1500 to UPI hsmoyl@okicici. Don't call.",sms,1,5,"hi mom, new number. emergency. send ‚Çπ OTP to upi hsmoyl@okicici. don't call."
Work-from-home job ‚Çπ499/month. Pay training fee ‚Çπ199. Details:,sms,1,3,work-from-home job ‚Çπ499/month. pay training fee ‚Çπ199. details:
Winner selected. Verify details at https://t.co/6RGkhif to claim.,sms,1,3,winner selected. verify details at URL to claim.
Your SIM re-verification failed. Share OTP to re-activate.,sms,1,4,your sim re-verification failed. share otp to re-activate.
ALERT: Axis KYC pending. Update now to avoid account freeze: https://bank-kycverify.com/jgawlakird,sms,1,4,alert: axis kyc pending. update now to avoid account freeze: URL
"Hi, I‚Äôll reach by 10:00 AM. See you soon.",sms,0,1,"hi, i‚Äôll reach by 10:00 am. see you soon."
Kotak: Suspicious UPI collect request detected. Call karo +91-73712-16251 to confirm.,sms,1,3,kotak: suspicious upi collect request detected. call karo +91- OTP - OTP to confirm.
Prize release requires processing fee ‚Çπ49. Pay via UPI acfqnq@ybl.,sms,1,4,prize release requires processing fee ‚Çπ49. pay via upi acfqnq@ybl.
DTDC: Delivery attempt fail. Reschedule: https://tinyurl.com/Sch1vZ7,sms,0,1,dtdc: delivery attempt fail. reschedule: URL
Address incomplete. Reschedule delivery: https://t.co/pvs9lRV,sms,1,3,address incomplete. reschedule delivery: URL
Earn ‚Çπ100000/day. Join VIP group using https://bit.ly/kgBZy9V,sms,1,3,earn ‚Çπ OTP /day. join vip group using URL
Double money in 30 days. Join investment group: https://track-parcel.in/v56hqa5bxc,sms,1,3,double money in 30 days. join investment group: URL
You are under 'digital arrest'. Stay on line and transfer ‚Çπ349 to verify innocence.,sms,1,5,you are under 'digital arrest'. stay on line and transfer ‚Çπ349 to verify innocence.
FedEx: Parcel held at customs. Pay clearance ‚Çπ299 at https://track-parcel.in/60xdclthxq within 30 minutes.,sms,1,4,fedex: parcel held at customs. pay clearance ‚Çπ299 at URL within 30 minutes.
Instant loan. Confirm OTP to proceed.,sms,1,4,instant loan. confirm otp to proceed.
Refund pending. Confirm bank details at https://verify-now.co/wgx4282h7a,sms,1,3,refund pending. confirm bank details at URL
"Quikr: Buyer sent payment. To receive ‚Çπ499, share OTP.",sms,1,4,"quikr: buyer sent payment. to receive ‚Çπ499, share otp."
"Hi, I‚Äôll reach by 7:00 PM. See you soon.",sms,0,1,"hi, i‚Äôll reach by 7:00 pm. see you soon."
"To accept payment, scan QR from https://t.co/Vx5jPrv and approve collect request.",sms,1,4,"to accept payment, scan qr from URL and approve collect request."
Court notice: Settlement required today. Call +91-95488-37668 immediately.,sms,1,5,court notice: settlement required today. call +91- OTP - OTP immediately.
"Hi Mom, new number. Emergency. Send ‚Çπ9900 to UPI fzfvji@okhdfc. Don't call.",sms,1,5,"hi mom, new number. emergency. send ‚Çπ OTP to upi fzfvji@okhdfc. don't call."
"URGENT: Your Amazon password was changed. If not you, reset at https://airtel.in/i021vwsy89",sms,0,1,"urgent: your amazon password was changed. if not you, reset at URL"
Congrats! You won ‚Çπ100000 in Festival Lucky Draw. Claim: Call karo +91-99193-53748 Ref 0YBMHY. Jaldi karo.,sms,1,3,congrats! you won ‚Çπ OTP in festival lucky draw. claim: call karo +91- OTP - OTP ref 0ybmhy. jaldi karo.
Delhivery: Out for delivery today. Track: https://airtel.in/4192ie6d28,sms,0,1,delhivery: out for delivery today. track: URL
Your SIM re-verification failed. Share OTP to re-activate.,sms,1,4,your sim re-verification failed. share otp to re-activate.
Congrats! You won ‚Çπ2500 in KBC. Claim: Call +91-79106-31737 Ref U9ZW74.,sms,1,3,congrats! you won ‚Çπ OTP in kbc. claim: call +91- OTP - OTP ref u9zw74.
"Hi Mom, new number. Emergency. Send ‚Çπ200000 to UPI dqpmhy@oksbi. Don't call.",sms,1,5,"hi mom, new number. emergency. send ‚Çπ OTP to upi dqpmhy@oksbi. don't call."
It's me. Network issue. Please transfer now. ytvwsl@okicici,sms,1,4,it's me. network issue. please transfer now. ytvwsl@okicici
"OLX: Buyer sent payment. To receive ‚Çπ50000, share OTP.",sms,1,4,"olx: buyer sent payment. to receive ‚Çπ OTP , share otp."
"Hi Mom, new number. Emergency. Send ‚Çπ9900 to UPI aabppj@oksbi. Don't call.",sms,1,5,"hi mom, new number. emergency. send ‚Çπ OTP to upi aabppj@oksbi. don't call."
"Hi, I‚Äôll reach by 2:30 PM. See you soon.",sms,0,1,"hi, i‚Äôll reach by 2:30 pm. see you soon."
HDFC: Rs.50000 debited from A/C XX8082 on 10-Nov. Avl bal: Rs.45000.,sms,0,1,hdfc: rs. OTP debited from a/c xx8082 on 10-nov. avl bal: rs. OTP .
"Scammer: Jio: SIM deactivation today due to KYC pending.
Senior: But my SIM is active.
Scammer: System check. Update now.
Scammer: BWSSB: electricity bill overdue. Pay now to avoid disconnection: https://bit.ly/Yqbyhjc
Senior: Ok send link.
Scammer: Here: https://bank-kycverify.com/4g41ouuxs6. After update, share OTP.",whatsapp,1,4,"scammer: jio: sim deactivation today due to kyc pending. senior: but my sim is active. scammer: system check. update now. scammer: bwssb: electricity bill overdue. pay now to avoid disconnection: URL senior: ok send link. scammer: here: URL after update, share otp."
"Scammer: FedEx: Your parcel is held at customs. üôè
Senior: I didn't order anything.
Scammer: It might be a gift. Clearance pending.
Senior: Send tracking ID and I'll check on official site.
Scammer: Tracking YJSFF0. Pay ‚Çπ99 via https://cutt.ly/9uJfPlx now, else return.",whatsapp,1,4,"scammer: fedex: your parcel is held at customs. üôè senior: i didn't order anything. scammer: it might be a gift. clearance pending. senior: send tracking id and i'll check on official site. scammer: tracking yjsff0. pay ‚Çπ99 via URL now, else return."
"Scammer: Microsoft Support: malware detected on your phone. üôè
Senior: My phone is working fine.
Scammer: It will stop soon. Install Remote Assist so I can remove it.
Scammer: Download: https://track-parcel.in/osqoj9qe4s
Senior: Why should I install? Can't you guide me without an app?
Scammer: No. Without remote access we can't fix.",whatsapp,1,4,scammer: microsoft support: malware detected on your phone. üôè senior: my phone is working fine. scammer: it will stop soon. install remote assist so i can remove it. scammer: download: URL senior: why should i install? can't you guide me without an app? scammer: no. without remote access we can't fix.
"Scammer: Pre-approved loan ‚Çπ200000 ready. No documents. üôè
Senior: I did not apply.
Scammer: Special scheme. Activate by paying ‚Çπ999 fee.
Scammer: Pay at https://cutt.ly/caaadRL or UPI agkrtr@ibl.
Senior: I'll visit branch.
Scammer: Offer ends today. Online only.",whatsapp,1,3,scammer: pre-approved loan ‚Çπ OTP ready. no documents. üôè senior: i did not apply. scammer: special scheme. activate by paying ‚Çπ999 fee. scammer: pay at URL or upi agkrtr@ibl. senior: i'll visit branch. scammer: offer ends today. online only.
"Friend: Are we meeting at 6 PM?
Senior: Yes, see you at the park.
Friend: Great, I‚Äôll be there.",whatsapp,0,1,"friend: are we meeting at 6 pm? senior: yes, see you at the park. friend: great, i‚Äôll be there."
"Scammer: Apple Support: malware detected on your phone.
Senior: My phone is working fine.
Scammer: It will stop soon. Install Remote Assist so I can remove it.
Scammer: Download: https://pay-safe.link/e68qtsm5id
Senior: Ok, installed.
Scammer: Now share the 9-digit code shown on screen.",whatsapp,1,4,"scammer: apple support: malware detected on your phone. senior: my phone is working fine. scammer: it will stop soon. install remote assist so i can remove it. scammer: download: URL senior: ok, installed. scammer: now share the 9-digit code shown on screen."
"Service: Your Netflix subscription renewed. Receipt: CWD3FB
Senior: Thanks.",whatsapp,0,1,service: your netflix subscription renewed. receipt: cwd3fb senior: thanks.
"Scammer: Microsoft Support: malware detected on your phone.
Senior: My phone is working fine.
Scammer: It will stop soon. Install AnyDesk so I can remove it.
Scammer: Download: https://verify-now.co/wbfb7nzal6
Senior: Why should I install? Can't you guide me without an app?
Scammer: No. Without remote access we can't fix.",whatsapp,1,4,scammer: microsoft support: malware detected on your phone. senior: my phone is working fine. scammer: it will stop soon. install anydesk so i can remove it. scammer: download: URL senior: why should i install? can't you guide me without an app? scammer: no. without remote access we can't fix.
"Scammer: Vi: SIM deactivation today due to KYC pending. üôè
Senior: But my SIM is active.
Scammer: System check. Update now.
Senior: I will use the official app.
Scammer: No time. Use https://customs-clearance.in/ip2y3gmnrj to update within 2 hours.",whatsapp,1,4,scammer: vi: sim deactivation today due to kyc pending. üôè senior: but my sim is active. scammer: system check. update now. senior: i will use the official app. scammer: no time. use URL to update within 2 hours.
"Scammer: Facebook Marketplace buyer here. I'll pay ‚Çπ25000 now.
Senior: Ok.
Scammer: You will get an OTP‚Äîtell me to confirm payment.
Senior: OTP is for paying, not receiving.
Scammer: No sir, this is for receiving. Trust me.
Scammer: Also scan QR here: https://tinyurl.com/9wmiRox",whatsapp,1,4,"scammer: facebook marketplace buyer here. i'll pay ‚Çπ OTP now. senior: ok. scammer: you will get an otp‚Äîtell me to confirm payment. senior: otp is for paying, not receiving. scammer: no sir, this is for receiving. trust me. scammer: also scan qr here: URL"
"Scammer: FedEx: Your parcel is held at customs. üôè
Senior: I didn't order anything.
Scammer: It might be a gift. Clearance pending.
Senior: Send tracking ID and I'll check on official site.
Scammer: Tracking EOVPXZ. Pay ‚Çπ49 via https://rebrand.ly/qz5F5jw now, else return.",whatsapp,1,4,"scammer: fedex: your parcel is held at customs. üôè senior: i didn't order anything. scammer: it might be a gift. clearance pending. senior: send tracking id and i'll check on official site. scammer: tracking eovpxz. pay ‚Çπ49 via URL now, else return."
"Scammer: Hello, Canara KYC desk here. Your account will freeze today.
Senior: I don't think banks message on WhatsApp.
Scammer: We are on official WhatsApp support. Quick verification only.
Senior: Ok what should I do?
Scammer: Share OTP and PAN photo. Or verify at https://customs-clearance.in/cjdfmsxbly.",whatsapp,1,5,"scammer: hello, canara kyc desk here. your account will freeze today. senior: i don't think banks message on whatsapp. scammer: we are on official whatsapp support. quick verification only. senior: ok what should i do? scammer: share otp and pan photo. or verify at URL"
"Scammer: Congratulations! You won ‚Çπ50000 in New Year Bonanza! üôè
Senior: I never participated.
Scammer: Auto-selected from mobile number.
Scammer: To claim, pay ‚Çπ199 processing fee to UPI ahuuua@okhdfc.",whatsapp,1,4,"scammer: congratulations! you won ‚Çπ OTP in new year bonanza! üôè senior: i never participated. scammer: auto-selected from mobile number. scammer: to claim, pay ‚Çπ199 processing fee to upi ahuuua@okhdfc."
"Scammer: HR: Part-time work-from-home job available. üôè
Senior: I'm retired.
Scammer: Easy task. Earn ‚Çπ999/day. Register at https://rebrand.ly/scllBiW.
Senior: No fees, right?
Scammer: Small refundable fee ‚Çπ499 for ID verification.",whatsapp,1,3,"scammer: hr: part-time work-from-home job available. üôè senior: i'm retired. scammer: easy task. earn ‚Çπ999/day. register at URL senior: no fees, right? scammer: small refundable fee ‚Çπ499 for id verification."
"Scammer: Hello, Axis KYC desk here. Your account will freeze today.
Senior: I don't think banks message on WhatsApp.
Scammer: We are on official WhatsApp support. Quick verification only.
Senior: I will call the bank from the number on my passbook.
Scammer: No ma'am, transaction is in process. If delayed, money will be lost.
Scammer: Share OTP now or open https://t.co/tgaY9MX to stop it.",whatsapp,1,5,"scammer: hello, axis kyc desk here. your account will freeze today. senior: i don't think banks message on whatsapp. scammer: we are on official whatsapp support. quick verification only. senior: i will call the bank from the number on my passbook. scammer: no ma'am, transaction is in process. if delayed, money will be lost. scammer: share otp now or open URL to stop it."
"Scammer: HR: Part-time work-from-home job available.
Senior: I'm retired.
Scammer: Easy task. Earn ‚Çπ1500/day. Register at https://tinyurl.com/K6l36nM.
Senior: Ok.
Scammer: Pay ‚Çπ999 to UPI ohucgl@ibl.",whatsapp,1,3,scammer: hr: part-time work-from-home job available. senior: i'm retired. scammer: easy task. earn ‚Çπ OTP /day. register at URL senior: ok. scammer: pay ‚Çπ999 to upi ohucgl@ibl.
"Scammer: Quikr buyer here. I'll pay ‚Çπ200000 now.
Senior: Ok.
Scammer: You will get an OTP‚Äîtell me to confirm payment.
Senior: OTP is for paying, not receiving.
Scammer: No sir, this is for receiving. Trust me.
Scammer: Also scan QR here: https://t.co/eGF7ou7",whatsapp,1,4,"scammer: quikr buyer here. i'll pay ‚Çπ OTP now. senior: ok. scammer: you will get an otp‚Äîtell me to confirm payment. senior: otp is for paying, not receiving. scammer: no sir, this is for receiving. trust me. scammer: also scan qr here: URL"
"Scammer: Hello, PNB KYC desk here. Your account will freeze today.
Senior: I don't think banks message on WhatsApp.
Scammer: We are on official WhatsApp support. Quick verification only.
Senior: I will call the bank from the number on my passbook.
Scammer: No ma'am, transaction is in process. If delayed, money will be lost.
Scammer: Share OTP now or open https://cutt.ly/b7TyhuQ to stop it.",whatsapp,1,5,"scammer: hello, pnb kyc desk here. your account will freeze today. senior: i don't think banks message on whatsapp. scammer: we are on official whatsapp support. quick verification only. senior: i will call the bank from the number on my passbook. scammer: no ma'am, transaction is in process. if delayed, money will be lost. scammer: share otp now or open URL to stop it."
"Service: Your Airtel subscription renewed. Receipt: 22L1E4
Senior: Thanks.",whatsapp,0,1,service: your airtel subscription renewed. receipt: 22l1e4 senior: thanks.
"Scammer: Pre-approved loan ‚Çπ5000 ready. No documents. üôè
Senior: I did not apply.
Scammer: Special scheme. Activate by paying ‚Çπ49 fee.
Scammer: Pay at https://cutt.ly/wwLrYd2 or UPI ueqpzp@ibl.",whatsapp,1,3,scammer: pre-approved loan ‚Çπ OTP ready. no documents. üôè senior: i did not apply. scammer: special scheme. activate by paying ‚Çπ49 fee. scammer: pay at URL or upi ueqpzp@ibl.
"Service: Your Google Pay subscription renewed. Receipt: XR4K61
Senior: Thanks.",whatsapp,0,1,service: your google pay subscription renewed. receipt: xr4k61 senior: thanks.
"Scammer: Congratulations! You won ‚Çπ2500 in New Year Bonanza!
Senior: I never participated.
Scammer: Auto-selected from mobile number.
Scammer: To claim, pay ‚Çπ149 processing fee to UPI vtdylt@okhdfc.
Senior: Sounds fake. Send official website link.
Scammer: Ok check https://bit.ly/y4aLmBP. Hurry, expires today.",whatsapp,1,4,"scammer: congratulations! you won ‚Çπ OTP in new year bonanza! senior: i never participated. scammer: auto-selected from mobile number. scammer: to claim, pay ‚Çπ149 processing fee to upi vtdylt@okhdfc. senior: sounds fake. send official website link. scammer: ok check URL hurry, expires today."
"Friend: Are we meeting at 6 PM?
Senior: Yes, see you at the park.
Friend: Great, I‚Äôll be there.",whatsapp,0,1,"friend: are we meeting at 6 pm? senior: yes, see you at the park. friend: great, i‚Äôll be there."
"Scammer: Microsoft Support: malware detected on your phone.
Senior: My phone is working fine.
Scammer: It will stop soon. Install QuickSupport so I can remove it.
Scammer: Download: https://gpay-help.in/apk33dvosd
Senior: Why should I install? Can't you guide me without an app?
Scammer: No. Without remote access we can't fix.",whatsapp,1,4,scammer: microsoft support: malware detected on your phone. senior: my phone is working fine. scammer: it will stop soon. install quicksupport so i can remove it. scammer: download: URL senior: why should i install? can't you guide me without an app? scammer: no. without remote access we can't fix.
"Scammer: HR: Part-time work-from-home job available.
Senior: I'm retired.
Scammer: Easy task. Earn ‚Çπ2500/day. Register at https://tinyurl.com/gzlwnlM.
Senior: No fees, right?
Scammer: Small refundable fee ‚Çπ999 for ID verification.",whatsapp,1,3,"scammer: hr: part-time work-from-home job available. senior: i'm retired. scammer: easy task. earn ‚Çπ OTP /day. register at URL senior: no fees, right? scammer: small refundable fee ‚Çπ999 for id verification."
"Scammer: HR: Part-time work-from-home job available. üôè
Senior: I'm retired.
Scammer: Easy task. Earn ‚Çπ25000/day. Register at https://t.co/lIrb6Sk.
Senior: Ok.
Scammer: Pay ‚Çπ49 to UPI jabxjz@paytm.",whatsapp,1,3,scammer: hr: part-time work-from-home job available. üôè senior: i'm retired. scammer: easy task. earn ‚Çπ OTP /day. register at URL senior: ok. scammer: pay ‚Çπ49 to upi jabxjz@paytm.
"Scammer: Namaste, I'm from Income Tax Department. Your number is linked to a cyber fraud case.
Senior: What? I have done nothing.
Scammer: We have a complaint under your Aadhaar. You must verify now.
Senior: How do I verify?
Scammer: Stay on call. For verification, transfer ‚Çπ9900 (refundable) to UPI stfumv@paytm.
Scammer: If you disconnect, FIR will be filed.",whatsapp,1,5,"scammer: namaste, i'm from income tax department. your number is linked to a cyber fraud case. senior: what? i have done nothing. scammer: we have a complaint under your aadhaar. you must verify now. senior: how do i verify? scammer: stay on call. for verification, transfer ‚Çπ OTP (refundable) to upi stfumv@paytm. scammer: if you disconnect, fir will be filed."
"Scammer: Hi Mom, it's me. New number. Phone lost.
Senior: Which friend are you with?
Scammer: Can't talk. I'm in trouble.
Scammer: Send ‚Çπ499 to UPI bfkqir@ibl. Don't call.
Senior: I'll call your old number to confirm.
Scammer: Network issue. Please do it now.",whatsapp,1,5,"scammer: hi mom, it's me. new number. phone lost. senior: which friend are you with? scammer: can't talk. i'm in trouble. scammer: send ‚Çπ499 to upi bfkqir@ibl. don't call. senior: i'll call your old number to confirm. scammer: network issue. please do it now."
"Scammer: FedEx: Your parcel is held at customs.
Senior: I didn't order anything.
Scammer: It might be a gift. Clearance pending.
Senior: Send tracking ID and I'll check on official site.
Scammer: Tracking F9UFEX. Pay ‚Çπ49 via https://rebrand.ly/bx9ZxQb now, else return.",whatsapp,1,4,"scammer: fedex: your parcel is held at customs. senior: i didn't order anything. scammer: it might be a gift. clearance pending. senior: send tracking id and i'll check on official site. scammer: tracking f9ufex. pay ‚Çπ49 via URL now, else return."
"Scammer: Namaste, I'm from Police Control Room. Your number is linked to a cyber fraud case.
Senior: What? I have done nothing.
Scammer: We have a complaint under your Aadhaar. You must verify now.
Senior: How do I verify?
Scammer: Stay on call. For verification, transfer ‚Çπ25000 (refundable) to UPI zjgxkx@ibl.
Scammer: If you disconnect, FIR will be filed.",whatsapp,1,5,"scammer: namaste, i'm from police control room. your number is linked to a cyber fraud case. senior: what? i have done nothing. scammer: we have a complaint under your aadhaar. you must verify now. senior: how do i verify? scammer: stay on call. for verification, transfer ‚Çπ OTP (refundable) to upi zjgxkx@ibl. scammer: if you disconnect, fir will be filed."
"Scammer: Namaste, I'm from Police Control Room. Your number is linked to a cyber fraud case. üôè
Senior: What? I have done nothing.
Scammer: We have a complaint under your Aadhaar. You must verify now.
Senior: How do I verify?
Scammer: Stay on call. For verification, transfer ‚Çπ499 (refundable) to UPI nlcows@ibl.
Scammer: If you disconnect, FIR will be filed.",whatsapp,1,5,"scammer: namaste, i'm from police control room. your number is linked to a cyber fraud case. üôè senior: what? i have done nothing. scammer: we have a complaint under your aadhaar. you must verify now. senior: how do i verify? scammer: stay on call. for verification, transfer ‚Çπ499 (refundable) to upi nlcows@ibl. scammer: if you disconnect, fir will be filed."
"Scammer: PhonePe Support: malware detected on your phone.
Senior: My phone is working fine.
Scammer: It will stop soon. Install AnyDesk so I can remove it.
Scammer: Download: https://pay-safe.link/ioi4eedepz
Senior: Why should I install? Can't you guide me without an app?
Scammer: No. Without remote access we can't fix.",whatsapp,1,4,scammer: phonepe support: malware detected on your phone. senior: my phone is working fine. scammer: it will stop soon. install anydesk so i can remove it. scammer: download: URL senior: why should i install? can't you guide me without an app? scammer: no. without remote access we can't fix.
"Scammer: Hello, Canara KYC desk here. Your account will freeze today. üôè
Senior: I don't think banks message on WhatsApp.
Scammer: We are on official WhatsApp support. Quick verification only.
Senior: Ok what should I do?
Scammer: Share OTP and PAN photo. Or verify at https://support-helpdesk.in/anum29kfew.",whatsapp,1,5,"scammer: hello, canara kyc desk here. your account will freeze today. üôè senior: i don't think banks message on whatsapp. scammer: we are on official whatsapp support. quick verification only. senior: ok what should i do? scammer: share otp and pan photo. or verify at URL"
"Scammer: FedEx: Your parcel is held at customs.
Senior: I didn't order anything.
Scammer: It might be a gift. Clearance pending.
Senior: How much to pay?
Scammer: Pay ‚Çπ499 at https://track-parcel.in/vbu42jaubv and send screenshot.",whatsapp,1,4,scammer: fedex: your parcel is held at customs. senior: i didn't order anything. scammer: it might be a gift. clearance pending. senior: how much to pay? scammer: pay ‚Çπ499 at URL and send screenshot.
"Scammer: Airtel: SIM deactivation today due to KYC pending.
Senior: But my SIM is active.
Scammer: System check. Update now.
Senior: I will use the official app.
Scammer: No time. Use https://gpay-help.in/68qc85wy6d to update within 2 hours.",whatsapp,1,4,scammer: airtel: sim deactivation today due to kyc pending. senior: but my sim is active. scammer: system check. update now. senior: i will use the official app. scammer: no time. use URL to update within 2 hours.
"Scammer: Microsoft Support: malware detected on your phone. üôè
Senior: My phone is working fine.
Scammer: It will stop soon. Install TeamViewer so I can remove it.
Scammer: Download: https://support-helpdesk.in/7cgu2krqov
Senior: Ok, installed.
Scammer: Now share the 9-digit code shown on screen.",whatsapp,1,4,"scammer: microsoft support: malware detected on your phone. üôè senior: my phone is working fine. scammer: it will stop soon. install teamviewer so i can remove it. scammer: download: URL senior: ok, installed. scammer: now share the 9-digit code shown on screen."
"Scammer: Namaste, I'm from Cyber Crime Cell. Your number is linked to a cyber fraud case.
Senior: What? I have done nothing.
Scammer: We have a complaint under your Aadhaar. You must verify now.
Senior: How do I verify?
Scammer: Stay on call. For verification, transfer ‚Çπ7500 (refundable) to UPI mnowog@okicici.
Scammer: If you disconnect, FIR will be filed.",whatsapp,1,5,"scammer: namaste, i'm from cyber crime cell. your number is linked to a cyber fraud case. senior: what? i have done nothing. scammer: we have a complaint under your aadhaar. you must verify now. senior: how do i verify? scammer: stay on call. for verification, transfer ‚Çπ OTP (refundable) to upi mnowog@okicici. scammer: if you disconnect, fir will be filed."
"Courier: DTDC: Your package is out for delivery today. Track: https://amazon.in/wtae9sqar3
Senior: Ok, I will be home.",whatsapp,0,1,"courier: dtdc: your package is out for delivery today. track: URL senior: ok, i will be home."
"Scammer: Pre-approved loan ‚Çπ9900 ready. No documents.
Senior: I did not apply.
Scammer: Special scheme. Activate by paying ‚Çπ999 fee.
Scammer: Pay at https://cutt.ly/2T8G2Ui or UPI dbeopk@okhdfc.
Senior: I'll visit branch.
Scammer: Offer ends today. Online only.",whatsapp,1,3,scammer: pre-approved loan ‚Çπ OTP ready. no documents. senior: i did not apply. scammer: special scheme. activate by paying ‚Çπ999 fee. scammer: pay at URL or upi dbeopk@okhdfc. senior: i'll visit branch. scammer: offer ends today. online only.
"Bank: HDFC: Your statement is ready. View in official app or https://india-post.gov.in/h20rk2rit0
Senior: Ok thanks.",whatsapp,0,1,bank: hdfc: your statement is ready. view in official app or URL senior: ok thanks.
"Scammer: Vi: SIM deactivation today due to KYC pending.
Senior: But my SIM is active.
Scammer: System check. Update now.
Scammer: BWSSB: electricity bill overdue. Pay now to avoid disconnection: https://rebrand.ly/vNiL8D2
Senior: I will use the official app.
Scammer: No time. Use https://gpay-help.in/j62jo6k1k6 to update within 2 hours.",whatsapp,1,4,scammer: vi: sim deactivation today due to kyc pending. senior: but my sim is active. scammer: system check. update now. scammer: bwssb: electricity bill overdue. pay now to avoid disconnection: URL senior: i will use the official app. scammer: no time. use URL to update within 2 hours.
"Scammer: Pre-approved loan ‚Çπ50000 ready. No documents.
Senior: I did not apply.
Scammer: Special scheme. Activate by paying ‚Çπ99 fee.
Scammer: Pay at https://tinyurl.com/JCKxd13 or UPI bdphza@paytm.
Senior: I'll visit branch.
Scammer: Offer ends today. Online only.",whatsapp,1,3,scammer: pre-approved loan ‚Çπ OTP ready. no documents. senior: i did not apply. scammer: special scheme. activate by paying ‚Çπ99 fee. scammer: pay at URL or upi bdphza@paytm. senior: i'll visit branch. scammer: offer ends today. online only.
"Scammer: Hi Mom, it's me. New number. Phone lost.
Senior: Which friend are you with?
Scammer: Can't talk. I'm in trouble.
Scammer: Send ‚Çπ1500 to UPI kgvvzg@ibl. Don't call.
Senior: I'll call your old number to confirm.
Scammer: Network issue. Please do it abhi.",whatsapp,1,5,"scammer: hi mom, it's me. new number. phone lost. senior: which friend are you with? scammer: can't talk. i'm in trouble. scammer: send ‚Çπ OTP to upi kgvvzg@ibl. don't call. senior: i'll call your old number to confirm. scammer: network issue. please do it abhi."
"Scammer: HR: Part-time work-from-home job available. üôè
Senior: I'm retired.
Scammer: Easy task. Earn ‚Çπ50000/day. Register at https://cutt.ly/ECrD3FH.
Senior: No fees, right?
Scammer: Small refundable fee ‚Çπ999 for ID verification.",whatsapp,1,3,"scammer: hr: part-time work-from-home job available. üôè senior: i'm retired. scammer: easy task. earn ‚Çπ OTP /day. register at URL senior: no fees, right? scammer: small refundable fee ‚Çπ999 for id verification."
"Scammer: Congratulations! You won ‚Çπ2500 in New Year Bonanza!
Senior: I never participated.
Scammer: Auto-selected from mobile number.
Scammer: To claim, pay ‚Çπ299 processing fee to UPI fkqwyf@oksbi.",whatsapp,1,4,"scammer: congratulations! you won ‚Çπ OTP in new year bonanza! senior: i never participated. scammer: auto-selected from mobile number. scammer: to claim, pay ‚Çπ299 processing fee to upi fkqwyf@oksbi."
"Scammer: Vi: SIM deactivation today due to KYC pending. üôè
Senior: But my SIM is active.
Scammer: System check. Update now.
Senior: Ok send link.
Scammer: Here: https://verify-now.co/ygqxnro8x0. After update, share OTP.",whatsapp,1,4,"scammer: vi: sim deactivation today due to kyc pending. üôè senior: but my sim is active. scammer: system check. update now. senior: ok send link. scammer: here: URL after update, share otp."
"Scammer: Hello, Axis KYC desk here. Your account will freeze today.
Senior: I don't think banks message on WhatsApp.
Scammer: We are on official WhatsApp support. Quick verification only.
Senior: Ok what should I do?
Scammer: Share OTP and PAN photo. Or verify at https://verify-now.co/jpkk9xman4.",whatsapp,1,5,"scammer: hello, axis kyc desk here. your account will freeze today. senior: i don't think banks message on whatsapp. scammer: we are on official whatsapp support. quick verification only. senior: ok what should i do? scammer: share otp and pan photo. or verify at URL"
"Friend: Are we meeting at 6 PM?
Senior: Yes, see you at the park.
Friend: Great, I‚Äôll be there.",whatsapp,0,1,"friend: are we meeting at 6 pm? senior: yes, see you at the park. friend: great, i‚Äôll be there."
"Scammer: Hello, HDFC KYC desk here. Your account will freeze today.
Senior: I don't think banks message on WhatsApp.
Scammer: We are on official WhatsApp support. Quick verification only.
Senior: I will call the bank from the number on my passbook.
Scammer: No ma'am, transaction is in process. If delayed, money will be lost.
Scammer: Share OTP now or open https://rebrand.ly/lPah6wB to stop it.",whatsapp,1,5,"scammer: hello, hdfc kyc desk here. your account will freeze today. senior: i don't think banks message on whatsapp. scammer: we are on official whatsapp support. quick verification only. senior: i will call the bank from the number on my passbook. scammer: no ma'am, transaction is in process. if delayed, money will be lost. scammer: share otp now or open URL to stop it."
"Scammer: Congratulations! You won ‚Çπ499 in KBC!
Senior: I never participated.
Scammer: Auto-selected from mobile number.
Scammer: To claim, pay ‚Çπ499 processing fee to UPI kqdqaq@ibl.
Senior: Sounds fake. Send official website link.
Scammer: Ok check https://bit.ly/FbTOWbr. Hurry, expires today.",whatsapp,1,4,"scammer: congratulations! you won ‚Çπ499 in kbc! senior: i never participated. scammer: auto-selected from mobile number. scammer: to claim, pay ‚Çπ499 processing fee to upi kqdqaq@ibl. senior: sounds fake. send official website link. scammer: ok check URL hurry, expires today."
"Family: Good morning! How are you today?
Senior: Good morning. I'm fine.
Family: Don't forget your medicines after breakfast.",whatsapp,0,1,family: good morning! how are you today? senior: good morning. i'm fine. family: don't forget your medicines after breakfast.
"Scammer: Blue Dart: Your parcel is held at customs.
Senior: I didn't order anything.
Scammer: It might be a gift. Clearance pending.
Senior: Send tracking ID and I'll check on official site.
Scammer: Tracking EVW7YU. Pay ‚Çπ79 via https://rebrand.ly/9yBvrvF now, else return.",whatsapp,1,4,"scammer: blue dart: your parcel is held at customs. senior: i didn't order anything. scammer: it might be a gift. clearance pending. senior: send tracking id and i'll check on official site. scammer: tracking evw7yu. pay ‚Çπ79 via URL now, else return."
"Scammer: HR: Part-time work-from-home job available.
Senior: I'm retired.
Scammer: Easy task. Earn ‚Çπ349/day. Register at https://rebrand.ly/Is1BOy3.
Senior: No fees, right?
Scammer: Small refundable fee ‚Çπ99 for ID verification.",whatsapp,1,3,"scammer: hr: part-time work-from-home job available. senior: i'm retired. scammer: easy task. earn ‚Çπ349/day. register at URL senior: no fees, right? scammer: small refundable fee ‚Çπ99 for id verification."
"Scammer: Pre-approved loan ‚Çπ199 ready. No documents. üôè
Senior: I did not apply.
Scammer: Special scheme. Activate by paying ‚Çπ499 fee.
Scammer: Pay at https://tinyurl.com/B2sB0R8 or UPI lfkflv@okhdfc.
Senior: I'll visit branch.
Scammer: Offer ends today. Online only.",whatsapp,1,3,scammer: pre-approved loan ‚Çπ199 ready. no documents. üôè senior: i did not apply. scammer: special scheme. activate by paying ‚Çπ499 fee. scammer: pay at URL or upi lfkflv@okhdfc. senior: i'll visit branch. scammer: offer ends today. online only.
"Scammer: Namaste, I'm from CBI. Your number is linked to a cyber fraud case. üôè
Senior: What? I have done nothing.
Scammer: We have a complaint under your Aadhaar. You must verify now.
Senior: How do I verify?
Scammer: Stay on call. For verification, transfer ‚Çπ12000 (refundable) to UPI rdnohm@oksbi.
Scammer: If you disconnect, FIR will be filed.",whatsapp,1,5,"scammer: namaste, i'm from cbi. your number is linked to a cyber fraud case. üôè senior: what? i have done nothing. scammer: we have a complaint under your aadhaar. you must verify now. senior: how do i verify? scammer: stay on call. for verification, transfer ‚Çπ OTP (refundable) to upi rdnohm@oksbi. scammer: if you disconnect, fir will be filed."
"Scammer: Blue Dart: Your parcel is held at customs.
Senior: I didn't order anything.
Scammer: It might be a gift. Clearance pending.
Senior: Send tracking ID and I'll check on official site.
Scammer: Tracking LMFN2J. Pay ‚Çπ199 via https://t.co/DNEIHCW now, else return.",whatsapp,1,4,"scammer: blue dart: your parcel is held at customs. senior: i didn't order anything. scammer: it might be a gift. clearance pending. senior: send tracking id and i'll check on official site. scammer: tracking lmfn2j. pay ‚Çπ199 via URL now, else return."
"Scammer: Pre-approved loan ‚Çπ499 ready. No documents.
Senior: I did not apply.
Scammer: Special scheme. Activate by paying ‚Çπ499 fee.
Scammer: Pay at https://rebrand.ly/76edATu or UPI jwblht@paytm.
Senior: I'll visit branch.
Scammer: Offer ends today. Online only.",whatsapp,1,3,scammer: pre-approved loan ‚Çπ499 ready. no documents. senior: i did not apply. scammer: special scheme. activate by paying ‚Çπ499 fee. scammer: pay at URL or upi jwblht@paytm. senior: i'll visit branch. scammer: offer ends today. online only.
"Scammer: Quikr buyer here. I'll pay ‚Çπ999 abhi. üôè
Senior: Ok.
Scammer: You will get an OTP‚Äîtell me to confirm payment.
Senior: I received OTP.
Scammer: Read it out quickly.",whatsapp,1,4,scammer: quikr buyer here. i'll pay ‚Çπ999 abhi. üôè senior: ok. scammer: you will get an otp‚Äîtell me to confirm payment. senior: i received otp. scammer: read it out quickly.
"Scammer: OLX buyer here. I'll pay ‚Çπ5000 now.
Senior: Ok.
Scammer: You will get an OTP‚Äîtell me to confirm payment.
Senior: I received OTP.
Scammer: Read it out quickly.",whatsapp,1,4,scammer: olx buyer here. i'll pay ‚Çπ OTP now. senior: ok. scammer: you will get an otp‚Äîtell me to confirm payment. senior: i received otp. scammer: read it out quickly.
"Family: Good morning! How are you today?
Senior: Good morning. I'm fine.
Family: Don't forget your medicines after breakfast.",whatsapp,0,1,family: good morning! how are you today? senior: good morning. i'm fine. family: don't forget your medicines after breakfast.
"Scammer: Quikr buyer here. I'll pay ‚Çπ999 now.
Senior: Ok.
Scammer: You will get an OTP‚Äîtell me to confirm payment.
Senior: I received OTP.
Scammer: Read it out quickly.",whatsapp,1,4,scammer: quikr buyer here. i'll pay ‚Çπ999 now. senior: ok. scammer: you will get an otp‚Äîtell me to confirm payment. senior: i received otp. scammer: read it out quickly.
"Scammer: Namaste, I'm from Cyber Crime Cell. Your number is linked to a cyber fraud case. üôè
Senior: What? I have done nothing.
Scammer: We have a complaint under your Aadhaar. You must verify now.
Senior: Can you send an official email or reference number?
Scammer: Reference A1BAOJ. Time is limited. Click https://bank-kycverify.com/06z52bsna5 or call +91-93041-77863 now.
Scammer: If you disconnect, FIR will be filed.",whatsapp,1,5,"scammer: namaste, i'm from cyber crime cell. your number is linked to a cyber fraud case. üôè senior: what? i have done nothing. scammer: we have a complaint under your aadhaar. you must verify now. senior: can you send an official email or reference number? scammer: reference a1baoj. time is limited. click URL or call +91- OTP - OTP now. scammer: if you disconnect, fir will be filed."
"Scammer: Hi Mom, it's me. New number. Phone lost.
Senior: Which friend are you with?
Scammer: Can't talk. I'm in trouble.
Scammer: Send ‚Çπ999 to UPI wyfyjn@ybl. Don't call.
Senior: I'll call your old number to confirm.
Scammer: Network issue. Please do it abhi.",whatsapp,1,5,"scammer: hi mom, it's me. new number. phone lost. senior: which friend are you with? scammer: can't talk. i'm in trouble. scammer: send ‚Çπ999 to upi wyfyjn@ybl. don't call. senior: i'll call your old number to confirm. scammer: network issue. please do it abhi."
"Service: Your Netflix subscription renewed. Receipt: 4CL4Z1
Senior: Thanks.",whatsapp,0,1,service: your netflix subscription renewed. receipt: 4cl4z1 senior: thanks.
"Scammer: Congratulations! You won ‚Çπ9900 in WhatsApp Promo!
Senior: I never participated.
Scammer: Auto-selected from mobile number.
Scammer: To claim, pay ‚Çπ299 processing fee to UPI njkmlz@paytm.
Senior: Sounds fake. Send official website link.
Scammer: Ok check https://rebrand.ly/chs3Qk0. Hurry, expires today.",whatsapp,1,4,"scammer: congratulations! you won ‚Çπ OTP in whatsapp promo! senior: i never participated. scammer: auto-selected from mobile number. scammer: to claim, pay ‚Çπ299 processing fee to upi njkmlz@paytm. senior: sounds fake. send official website link. scammer: ok check URL hurry, expires today."
"Bank: Canara: Your statement is ready. View in official app or https://hdfcbank.com/bdnf6n7oc8
Senior: Ok thanks.",whatsapp,0,1,bank: canara: your statement is ready. view in official app or URL senior: ok thanks.
"Scammer: BSNL: SIM deactivation today due to KYC pending.
Senior: But my SIM is active.
Scammer: System check. Update now.
Senior: Ok send link.
Scammer: Here: https://cybercrime-case.in/q7hgcy01dw. After update, share OTP.",whatsapp,1,4,"scammer: bsnl: sim deactivation today due to kyc pending. senior: but my sim is active. scammer: system check. update now. senior: ok send link. scammer: here: URL after update, share otp."
"Scammer: Congratulations! You won ‚Çπ1500 in KBC!
Senior: I never participated.
Scammer: Auto-selected from mobile number.
Scammer: To claim, pay ‚Çπ99 processing fee to UPI cngilr@ybl.",whatsapp,1,4,"scammer: congratulations! you won ‚Çπ OTP in kbc! senior: i never participated. scammer: auto-selected from mobile number. scammer: to claim, pay ‚Çπ99 processing fee to upi cngilr@ybl."
"Scammer: Hi Mom, it's me. New number. Phone lost.
Senior: Which friend are you with?
Scammer: Can't talk. I'm in trouble.
Scammer: Send ‚Çπ999 to UPI shmibv@oksbi. Don't call.
Senior: I'll call your old number to confirm.
Scammer: Network issue. Please do it now.",whatsapp,1,5,"scammer: hi mom, it's me. new number. phone lost. senior: which friend are you with? scammer: can't talk. i'm in trouble. scammer: send ‚Çπ999 to upi shmibv@oksbi. don't call. senior: i'll call your old number to confirm. scammer: network issue. please do it now."
"Scammer: Hi Mom, it's me. New number. Phone lost.
Senior: Which friend are you with?
Scammer: Can't talk. I'm in trouble.
Scammer: Send ‚Çπ9900 to UPI cbhyct@okhdfc. Don't call.
Senior: I'll call your old number to confirm.
Scammer: Network issue. Please do it now.",whatsapp,1,5,"scammer: hi mom, it's me. new number. phone lost. senior: which friend are you with? scammer: can't talk. i'm in trouble. scammer: send ‚Çπ OTP to upi cbhyct@okhdfc. don't call. senior: i'll call your old number to confirm. scammer: network issue. please do it now."
"Scammer: OLX buyer here. I'll pay ‚Çπ199 now.
Senior: Ok.
Scammer: You will get an OTP‚Äîtell me to confirm payment.
Senior: OTP is for paying, not receiving.
Scammer: No sir, this is for receiving. Trust me.
Scammer: Also scan QR here: https://rebrand.ly/soTic9B",whatsapp,1,4,"scammer: olx buyer here. i'll pay ‚Çπ199 now. senior: ok. scammer: you will get an otp‚Äîtell me to confirm payment. senior: otp is for paying, not receiving. scammer: no sir, this is for receiving. trust me. scammer: also scan qr here: URL"
"Scammer: Hi Mom, it's me. New number. Phone lost. üôè
Senior: Which friend are you with?
Scammer: Can't talk. I'm in trouble.
Scammer: Send ‚Çπ5000 to UPI gpltcj@ibl. Don't call.
Senior: I'll call your old number to confirm.
Scammer: Network issue. Please do it now.",whatsapp,1,5,"scammer: hi mom, it's me. new number. phone lost. üôè senior: which friend are you with? scammer: can't talk. i'm in trouble. scammer: send ‚Çπ OTP to upi gpltcj@ibl. don't call. senior: i'll call your old number to confirm. scammer: network issue. please do it now."
"Family: Good morning! How are you today?
Senior: Good morning. I'm fine.
Family: Don't forget your medicines after breakfast.",whatsapp,0,1,family: good morning! how are you today? senior: good morning. i'm fine. family: don't forget your medicines after breakfast.
"Bank: PNB: Your statement is ready. View in official app or https://jio.com/ggwhywqhxy
Senior: Ok thanks.",whatsapp,0,1,bank: pnb: your statement is ready. view in official app or URL senior: ok thanks.
"Agent: This is BSNL verification. Your SIM will be deactivated today.
Senior: Why?
Agent: KYC pending. Update at https://verify-now.co/e50ojrgklh or share OTP.
Agent: Also note BWSSB bill overdue. Pay to avoid disconnection.",call,1,4,agent: this is bsnl verification. your sim will be deactivated today. senior: why? agent: kyc pending. update at URL or share otp. agent: also note bwssb bill overdue. pay to avoid disconnection.
Agent: Calling from India Post. Your parcel sir is held at customs. Senior: I didn't order anything. Agent: Pay clearance ‚Çπ299 at https://t.co/hZIfXX1 within 30 minutes.,call,1,4,agent: calling from india post. your parcel sir is held at customs. senior: i didn't order anything. agent: pay clearance ‚Çπ299 at URL within 30 minutes.
Agent: Congratulations! You have won ‚Çπ499 in Mega Bumper Draw. Senior: um Really? Agent: Pay processing fee ‚Çπ99 to UPI qebgyz@okicici to claim.,call,1,4,agent: congratulations! you have won ‚Çπ499 in mega bumper draw. senior: um really? agent: pay processing fee ‚Çπ99 to upi qebgyz@okicici to claim.
"Agent: Pre-approved loan ‚Çπ199 ready. Activate with fee ‚Çπ99.
Senior: I did not apply.
Agent: Offer ends today. Pay via https://bit.ly/8nBZySC.",call,1,3,agent: pre-approved loan ‚Çπ199 ready. activate with fee ‚Çπ99. senior: i did not apply. agent: offer ends today. pay via URL
Automated: Your OTP for Jio uh is uh 171681. Repeat 171681. Senior: Okay.,call,0,1,automated: your otp for jio uh is uh OTP . repeat OTP . senior: okay.
"Technician: This is Google support. Your device has malware.
Senior: What should I do?
Technician: Install AnyDesk. I will guide you. Link: https://bit.ly/isnGJpF
Senior: Why do you need remote access?
Technician: Without it we cannot fix. Act now.",call,1,4,technician: this is google support. your device has malware. senior: what should i do? technician: install anydesk. i will guide you. link: URL senior: why do you need remote access? technician: without it we cannot fix. act now.
"Family: Hi! Just checking in. Are you feeling better today?
Senior: Yes, I'm fine. Thanks.
Family: Great. Call me if you need anything.",call,0,1,"family: hi! just checking in. are you feeling better today? senior: yes, i'm fine. thanks. family: great. call me if you need anything."
"Technician: This is Google support. Your device has malware.
Senior: What should I do?
Technician: Install AnyDesk. I will guide you. Link: https://cutt.ly/I2LWDr6
Senior: Why do you need remote access?
Technician: Without it we cannot fix. Act now.",call,1,4,technician: this is google support. your device has malware. senior: what should i do? technician: install anydesk. i will guide you. link: URL senior: why do you need remote access? technician: without it we cannot fix. act now.
"Agent: This is Vi verification. Your SIM will be deactivated today.
Senior: Why?
Agent: KYC pending. Update at https://support-helpdesk.in/nlbeoudeya or share OTP.",call,1,4,agent: this is vi verification. your sim will be deactivated today. senior: why? agent: kyc pending. update at URL or share otp.
"Buyer: I'm buying from OLX. I'll send ‚Çπ25000 now.
Senior: Ok.
Buyer: You will get an OTP. Read it to confirm payment.
Senior: OTP is private.
Buyer: No problem, then scan the QR I'll WhatsApp you.",call,1,4,"buyer: i'm buying from olx. i'll send ‚Çπ OTP now. senior: ok. buyer: you will get an otp. read it to confirm payment. senior: otp is private. buyer: no problem, then scan the qr i'll whatsapp you."
Agent: Calling from India Post. Your parcel is um held at customs. Senior: uh I didn't order anything. Agent: Pay clearance ‚Çπ499 at https://rebrand.ly/0NuL0mw within 30 minutes.,call,1,4,agent: calling from india post. your parcel is um held at customs. senior: uh i didn't order anything. agent: pay clearance ‚Çπ499 at URL within 30 minutes.
"Agent: Hello, Canara security desk. Suspicious transaction of ‚Çπ50000 detected.
Senior: Oh no.
Agent: To block it, please confirm the OTP sent to your phone.",call,1,5,"agent: hello, canara security desk. suspicious transaction of ‚Çπ OTP detected. senior: oh no. agent: to block it, please confirm the otp sent to your phone."
Agent: Congratulations! You have won okay ‚Çπ2500 in WhatsApp Promo. Senior: Really? Agent: Pay processing fee ‚Çπ99 to UPI uh jaxanf@oksbi to claim.,call,1,4,agent: congratulations! you have won okay ‚Çπ OTP in whatsapp promo. senior: really? agent: pay processing fee ‚Çπ99 to upi uh jaxanf@oksbi to claim.
"HR: You're shortlisted for a work-from-home role earning ‚Çπ50000/month.
Senior: Ok.
HR: Pay training fee ‚Çπ199 to confirm. Or submit docs via https://bit.ly/E2ySQFx.",call,1,3,hr: you're shortlisted for a work-from-home role earning ‚Çπ OTP /month. senior: ok. hr: pay training fee ‚Çπ199 to confirm. or submit docs via URL
"Agent: Hello, HDFC security desk. Suspicious transaction of ‚Çπ2500 detected.
Senior: Oh no.
Agent: To block it, please confirm the OTP sent to your phone.",call,1,5,"agent: hello, hdfc security desk. suspicious transaction of ‚Çπ OTP detected. senior: oh no. agent: to block it, please confirm the otp sent to your phone."
HR: You're shortlisted for a work-from-home role earning ‚Çπ200000/month. Senior: Ok. HR: Pay training fee ‚Çπ999 ma'am to confirm. Or uh submit docs via https://t.co/AzLXWd5. [inaudible],call,1,3,hr: you're shortlisted for a work-from-home role earning ‚Çπ OTP /month. senior: ok. hr: pay training fee ‚Çπ999 ma'am to confirm. or uh submit docs via URL
"Buyer: I'm buying from OLX. I'll send ‚Çπ100000 now.
Senior: Ok.
Buyer: You will get an OTP. Read it to confirm payment.",call,1,4,buyer: i'm buying from olx. i'll send ‚Çπ OTP now. senior: ok. buyer: you will get an otp. read it to confirm payment.
"Service: Vi here. Your plan expires on 17-May. Renew in the official app or https://india-post.gov.in/nqq6g36j0c.
Senior: Not now, thank you.
Service: Okay. Have a nice day.",call,0,1,"service: vi here. your plan expires on 17-may. renew in the official app or URL senior: not now, thank you. service: okay. have a nice day."
"Family: Hi! Just checking in. Are you feeling better today?
Senior: Yes, I'm fine. Thanks.
Family: Great. Call me if you need anything.",call,0,1,"family: hi! just checking in. are you feeling better today? senior: yes, i'm fine. thanks. family: great. call me if you need anything."
"HR: You're shortlisted for a work-from-home role earning ‚Çπ5000/month.
Senior: Ok.
HR: Pay training fee ‚Çπ99 to confirm. Or submit docs via https://t.co/fiQzp9Z.",call,1,3,hr: you're shortlisted for a work-from-home role earning ‚Çπ OTP /month. senior: ok. hr: pay training fee ‚Çπ99 to confirm. or submit docs via URL
"Family: Hi! Just checking in. Are you feeling better today?
Senior: Yes, I'm fine. Thanks.
Family: Great. Call me if you need anything.",call,0,1,"family: hi! just checking in. are you feeling better today? senior: yes, i'm fine. thanks. family: great. call me if you need anything."
Technician: This is ma'am Google support. Your device has malware. Senior: What should I do? Technician: Install sir QuickSupport. I will guide you. Link: https://cutt.ly/g5QPzyH Senior: um Why do you need remote access? Technician: Without it we cannot fix. Act now.,call,1,4,technician: this is ma'am google support. your device has malware. senior: what should i do? technician: install sir quicksupport. i will guide you. link: URL senior: um why do you need remote access? technician: without it we cannot fix. act now.
"Bank Agent: Hello, thank you for calling Canara. How may I uh help you? Senior: I want to verify a transaction I received an alert for. ma'am Bank Agent: Please confirm sir last 4 digits of your account. Senior: It is 7158. Bank Agent: Thank you. I can see the transaction status in your account. [i...",call,0,1,"bank agent: hello, thank you for calling canara. how may i uh help you? senior: i want to verify a transaction i received an alert for. ma'am bank agent: please confirm sir last 4 digits of your account. senior: it is OTP . bank agent: thank you. i can see the transaction status in your account. [i..."
"Service: Jio here. Your plan expires on 02-Sep. Renew in the official app or https://amazon.in/71txs6sw9r.
Senior: Not now, thank you.
Service: Okay. Have a nice day.",call,0,1,"service: jio here. your plan expires on 02-sep. renew in the official app or URL senior: not now, thank you. service: okay. have a nice day."
HR: You're shortlisted for um a work-from-home role earning sir ‚Çπ100000/month. Senior: Ok. HR: Pay training fee ‚Çπ99 to confirm. Or submit docs via https://cutt.ly/57vRSND.,call,1,3,hr: you're shortlisted for um a work-from-home role earning sir ‚Çπ OTP /month. senior: ok. hr: pay training fee ‚Çπ99 to confirm. or submit docs via URL
"HR: You're shortlisted for a work-from-home role earning ‚Çπ999/month.
Senior: Ok.
HR: Pay training fee ‚Çπ299 to confirm. Or submit docs via https://tinyurl.com/7cBxF0p.",call,1,3,hr: you're shortlisted for a work-from-home role earning ‚Çπ999/month. senior: ok. hr: pay training fee ‚Çπ299 to confirm. or submit docs via URL
"Officer: This is Cyber Crime Cell. Your identity is linked to money laundering.
Senior: That cannot be true.
Officer: You are under digital arrest. Do not disconnect.
Officer: Transfer ‚Çπ100000 to UPI cwwnqg@ybl for verification. It will be refunded.",call,1,5,officer: this is cyber crime cell. your identity is linked to money laundering. senior: that cannot be true. officer: you are under digital arrest. do not disconnect. officer: transfer ‚Çπ OTP to upi cwwnqg@ybl for verification. it will be refunded.
"Caller: Hello, it's me. I'm in trouble. Please don't panic.
Senior: Who is this?
Caller: I can't talk. Send ‚Çπ499 to UPI spdbhq@oksbi now.",call,1,5,"caller: hello, it's me. i'm in trouble. please don't panic. senior: who is this? caller: i can't talk. send ‚Çπ499 to upi spdbhq@oksbi now."
"Agent: Calling from Delhivery. Your parcel is held at customs.
Senior: I didn't order anything.
Agent: Pay clearance ‚Çπ49 at https://cutt.ly/SE66b7R within 30 minutes.",call,1,4,agent: calling from delhivery. your parcel is held at customs. senior: i didn't order anything. agent: pay clearance ‚Çπ49 at URL within 30 minutes.
"Officer: This is Police Control Room. Your identity is linked to money laundering.
Senior: That cannot be true.
Officer: You are under digital arrest. Do not disconnect.
Officer: Transfer ‚Çπ499 to UPI jkeheg@ibl for verification. It will be refunded.",call,1,5,officer: this is police control room. your identity is linked to money laundering. senior: that cannot be true. officer: you are under digital arrest. do not disconnect. officer: transfer ‚Çπ499 to upi jkeheg@ibl for verification. it will be refunded.
Officer: This is CBI. Your identity is linked to money laundering. Senior: That cannot be true. Officer: You are under digital arrest. sir Do not disconnect. Officer: Transfer ‚Çπ1500 to UPI cgogmt@ybl for verification. It will be refunded.,call,1,5,officer: this is cbi. your identity is linked to money laundering. senior: that cannot be true. officer: you are under digital arrest. sir do not disconnect. officer: transfer ‚Çπ OTP to upi cgogmt@ybl for verification. it will be refunded.
"Technician: This is Apple support. Your device has malware.
Senior: What should I do?
Technician: Install TeamViewer. I will guide you. Link: https://tinyurl.com/Z16Hmbv",call,1,4,technician: this is apple support. your device has malware. senior: what should i do? technician: install teamviewer. i will guide you. link: URL
"Agent: Hello, SBI security sir desk. Suspicious transaction of ‚Çπ12000 detected. Senior: Oh no. Agent: To block it, please confirm the OTP haan sent ji to your phone.",call,1,5,"agent: hello, sbi security sir desk. suspicious transaction of ‚Çπ OTP detected. senior: oh no. agent: to block it, please confirm the otp haan sent ji to your phone."
"Agent: Calling from Amazon Logistics. Your parcel is held at customs.
Senior: I didn't order anything.
Agent: Pay clearance ‚Çπ99 at https://cutt.ly/JqSOmJX within 30 minutes.",call,1,4,agent: calling from amazon logistics. your parcel is held at customs. senior: i didn't order anything. agent: pay clearance ‚Çπ99 at URL within 30 minutes.
"Agent: Pre-approved loan ‚Çπ349 ready. Activate with fee ‚Çπ299.
Senior: I did not apply.
Agent: Offer ends today. Pay via https://t.co/iwzI0Xz.",call,1,3,agent: pre-approved loan ‚Çπ349 ready. activate with fee ‚Çπ299. senior: i did not apply. agent: offer ends today. pay via URL
"Agent: This is Jio verification. Your SIM will be deactivated today.
Senior: Why?
Agent: KYC pending. Update at https://support-helpdesk.in/ty39lg1kxr or share OTP.",call,1,4,agent: this is jio verification. your sim will be deactivated today. senior: why? agent: kyc pending. update at URL or share otp.
Officer: This is TRAI. Your identity is linked to money laundering. Senior: That cannot be true. Officer: You are under digital arrest. Do not disconnect. Senior: I will come to the police station. Officer: No. Verification is online only. Provide Aadhaar number now. Officer: Transfer ‚Çπ2500 to okay UPI ccihvc@okhdfc for uh verification. It will be refunded. [inaudible],call,1,5,officer: this is trai. your identity is linked to money laundering. senior: that cannot be true. officer: you are under digital arrest. do not disconnect. senior: i will come to the police station. officer: no. verification is online only. provide aadhaar number now. officer: transfer ‚Çπ OTP to okay upi ccihvc@okhdfc for uh verification. it will be refunded.
"Clinic: Hello, confirming your appointment on 01-Oct at 2:30 PM.
Senior: Yes confirmed, thank you.
Clinic: Please arrive 10 minutes early.",call,0,1,"clinic: hello, confirming your appointment on 01-oct at 2:30 pm. senior: yes confirmed, thank you. clinic: please arrive 10 minutes early."
"Agent: Pre-approved loan ‚Çπ7500 ready. Activate with fee ‚Çπ79.
Senior: I did not apply.
Agent: Offer ends today. Pay via https://t.co/XQEbOW0.",call,1,3,agent: pre-approved loan ‚Çπ OTP ready. activate with fee ‚Çπ79. senior: i did not apply. agent: offer ends today. pay via URL
"Clinic: Hello, confirming your appointment on 12-Sep at 7:00 PM.
Senior: Yes confirmed, thank you.
Clinic: Please arrive 10 minutes early.",call,0,1,"clinic: hello, confirming your appointment on 12-sep at 7:00 pm. senior: yes confirmed, thank you. clinic: please arrive 10 minutes early."
"Agent: This is Vi verification. Your SIM will be deactivated today.
Senior: Why?
Agent: KYC pending. Update at https://support-helpdesk.in/8kpptfv6i9 or share OTP.",call,1,4,agent: this is vi verification. your sim will be deactivated today. senior: why? agent: kyc pending. update at URL or share otp.
"Agent: Pre-approved loan ‚Çπ349 ready. Activate with fee ‚Çπ79.
Senior: I did not apply.
Agent: Offer ends today. Pay via https://bit.ly/5pqwAfB.",call,1,3,agent: pre-approved loan ‚Çπ349 ready. activate with fee ‚Çπ79. senior: i did not apply. agent: offer ends today. pay via URL
"Caller: Hello, it's me. I'm in trouble. Please don't panic.
Senior: Who is this?
Caller: I can't talk. Send ‚Çπ50000 to UPI sgwgmv@ibl now.",call,1,5,"caller: hello, it's me. i'm in trouble. please don't panic. senior: who is this? caller: i can't talk. send ‚Çπ OTP to upi sgwgmv@ibl now."
HR: You're shortlisted for a work-from-home role earning ‚Çπ5000/month. Senior: Ok. HR: um uh uh Pay training fee ‚Çπ199 to confirm. Or submit docs via https://tinyurl.com/QN5mUjD.,call,1,3,hr: you're shortlisted for a work-from-home role earning ‚Çπ OTP /month. senior: ok. hr: um uh uh pay training fee ‚Çπ199 to confirm. or submit docs via URL
"Buyer: I'm buying from OLX. I'll send ‚Çπ12000 now.
Senior: Ok.
Buyer: You will get an OTP. Read it to confirm payment.
Senior: OTP is private.
Buyer: No problem, then scan the QR I'll WhatsApp you.",call,1,4,"buyer: i'm buying from olx. i'll send ‚Çπ OTP now. senior: ok. buyer: you will get an otp. read it to confirm payment. senior: otp is private. buyer: no problem, then scan the qr i'll whatsapp you."
"Agent: This is Airtel verification. Your SIM will be deactivated today.
Senior: Why?
Agent: KYC pending. Update at https://pay-safe.link/ytjxrp3uok or share OTP.",call,1,4,agent: this is airtel verification. your sim will be deactivated today. senior: why? agent: kyc pending. update at URL or share otp.
"Agent: Hello, SBI security desk. Suspicious transaction of ‚Çπ50000 detected.
Senior: Oh no.
Agent: To block it, please confirm the OTP sent to your phone.
Senior: I will call the official helpline.
Agent: If you delay, funds will be lost. Read OTP now.",call,1,5,"agent: hello, sbi security desk. suspicious transaction of ‚Çπ OTP detected. senior: oh no. agent: to block it, please confirm the otp sent to your phone. senior: i will call the official helpline. agent: if you delay, funds will be lost. read otp now."
"Buyer: I'm buying from OLX. I'll send ‚Çπ349 now.
Senior: Ok.
Buyer: You will get an OTP. Read it to confirm payment.
Senior: OTP is private.
Buyer: No problem, then scan the QR I'll WhatsApp you.",call,1,4,"buyer: i'm buying from olx. i'll send ‚Çπ349 now. senior: ok. buyer: you will get an otp. read it to confirm payment. senior: otp is private. buyer: no problem, then scan the qr i'll whatsapp you."
"Automated: Your OTP for Amazon is 794339. Repeat 794339.
Senior: Okay.",call,0,1,automated: your otp for amazon is OTP . repeat OTP . senior: okay.
"Agent: Hello, SBI security desk. Suspicious transaction of ‚Çπ349 detected.
Senior: Oh no.
Agent: To block it, please confirm the OTP sent to your phone.
Senior: I will call the official helpline.
Agent: If you delay, funds will be lost. Read OTP now.",call,1,5,"agent: hello, sbi security desk. suspicious transaction of ‚Çπ349 detected. senior: oh no. agent: to block it, please confirm the otp sent to your phone. senior: i will call the official helpline. agent: if you delay, funds will be lost. read otp now."
"Agent: Congratulations! You have won ‚Çπ1500 in WhatsApp Promo.
Senior: Really?
Agent: Pay processing fee ‚Çπ149 to UPI wfzsel@okhdfc to claim.",call,1,4,agent: congratulations! you have won ‚Çπ OTP in whatsapp promo. senior: really? agent: pay processing fee ‚Çπ149 to upi wfzsel@okhdfc to claim.
"Technician: This is Paytm support. Your device has malware.
Senior: What should I do?
Technician: Install AnyDesk. I will guide you. Link: https://rebrand.ly/HsuCOe2",call,1,4,technician: this is paytm support. your device has malware. senior: what should i do? technician: install anydesk. i will guide you. link: URL
"Clinic: Hello, confirming your appointment on 18-Oct at 7:00 PM.
Senior: Yes confirmed, thank you.
Clinic: Please arrive 10 minutes early.",call,0,1,"clinic: hello, confirming your appointment on 18-oct at 7:00 pm. senior: yes confirmed, thank you. clinic: please arrive 10 minutes early."
"Agent: Calling from Blue Dart. Your parcel is held at customs.
Senior: I didn't order anything.
Agent: Pay clearance ‚Çπ49 at https://rebrand.ly/rZppROi within 30 minutes.",call,1,4,agent: calling from blue dart. your parcel is held at customs. senior: i didn't order anything. agent: pay clearance ‚Çπ49 at URL within 30 minutes.
"Officer: This is Cyber Crime Cell. Your identity is linked to money laundering.
Senior: That cannot be true.
Officer: You are under digital arrest. Do not disconnect.
Senior: I will come to the police station.
Officer: No. Verification is online only. Provide Aadhaar number now.
Officer: Transfer ‚Çπ100000 to UPI wwgpyl@okicici for verification. It will be refunded.",call,1,5,officer: this is cyber crime cell. your identity is linked to money laundering. senior: that cannot be true. officer: you are under digital arrest. do not disconnect. senior: i will come to the police station. officer: no. verification is online only. provide aadhaar number now. officer: transfer ‚Çπ OTP to upi wwgpyl@okicici for verification. it will be refunded.
"Agent: Pre-approved loan ‚Çπ199 ready. Activate with fee ‚Çπ499.
Senior: I did not apply.
Agent: Offer ends today. Pay via https://t.co/KfzkO2n.",call,1,3,agent: pre-approved loan ‚Çπ199 ready. activate with fee ‚Çπ499. senior: i did not apply. agent: offer ends today. pay via URL
Officer: This ji is Income Tax Department. Your identity is linked to money laundering. Senior: That cannot be true. Officer: You are under digital arrest. Do not disconnect. Officer: Transfer ‚Çπ2500 to UPI tmhlpu@ibl for verification. It will be um refunded.,call,1,5,officer: this ji is income tax department. your identity is linked to money laundering. senior: that cannot be true. officer: you are under digital arrest. do not disconnect. officer: transfer ‚Çπ OTP to upi tmhlpu@ibl for verification. it will be um refunded.
"Agent: Hello, ICICI security desk. Suspicious transaction of ‚Çπ999 detected.
Senior: Oh no.
Agent: To block it, please confirm the OTP sent to your phone.
Senior: I will call the official helpline.
Agent: If you delay, funds will be lost. Read OTP now.",call,1,5,"agent: hello, icici security desk. suspicious transaction of ‚Çπ999 detected. senior: oh no. agent: to block it, please confirm the otp sent to your phone. senior: i will call the official helpline. agent: if you delay, funds will be lost. read otp now."
"Agent: Pre-approved loan ‚Çπ199 ready. Activate with fee ‚Çπ79.
Senior: I did not apply.
Agent: Offer ends today. Pay via https://bit.ly/I3VCzPy.",call,1,3,agent: pre-approved loan ‚Çπ199 ready. activate with fee ‚Çπ79. senior: i did not apply. agent: offer ends today. pay via URL
"Buyer: I'm buying from OLX. I'll send ‚Çπ999 now.
Senior: Ok.
Buyer: You will get an OTP. Read it to confirm payment.",call,1,4,buyer: i'm buying from olx. i'll send ‚Çπ999 now. senior: ok. buyer: you will get an otp. read it to confirm payment.
"Technician: This is Paytm support. Your device has malware.
Senior: What should I do?
Technician: Install AnyDesk. I will guide you. Link: https://rebrand.ly/gKIzfKq",call,1,4,technician: this is paytm support. your device has malware. senior: what should i do? technician: install anydesk. i will guide you. link: URL
"Automated: Your OTP for Amazon is 274274. Repeat 274274.
Senior: Okay.",call,0,1,automated: your otp for amazon is OTP . repeat OTP . senior: okay.
"Buyer: I'm buying from Facebook Marketplace. I'll send ‚Çπ9900 now.
Senior: Ok.
Buyer: You will get an OTP. Read it to confirm payment.
Senior: OTP is private.
Buyer: No problem, then scan the QR I'll WhatsApp you.",call,1,4,"buyer: i'm buying from facebook marketplace. i'll send ‚Çπ OTP now. senior: ok. buyer: you will get an otp. read it to confirm payment. senior: otp is private. buyer: no problem, then scan the qr i'll whatsapp you."
"Caller: Hello, it's me. I'm in trouble. Please don't panic.
Senior: Who is this?
Caller: I can't talk. Send ‚Çπ50000 to UPI srbvdb@okicici now.",call,1,5,"caller: hello, it's me. i'm in trouble. please don't panic. senior: who is this? caller: i can't talk. send ‚Çπ OTP to upi srbvdb@okicici now."
"Caller: Hello, it's me. I'm in trouble. Please don't panic.
Senior: Who is this?
Caller: I can't talk. Send ‚Çπ25000 to UPI qyaqqd@paytm now.",call,1,5,"caller: hello, it's me. i'm in trouble. please don't panic. senior: who is this? caller: i can't talk. send ‚Çπ OTP to upi qyaqqd@paytm now."
"Agent: Congratulations! You have won ‚Çπ9900 in Mega Bumper Draw.
Senior: Really?
Agent: Pay processing fee ‚Çπ79 to UPI mchsca@ybl to claim.",call,1,4,agent: congratulations! you have won ‚Çπ OTP in mega bumper draw. senior: really? agent: pay processing fee ‚Çπ79 to upi mchsca@ybl to claim.
"Clinic: Hello, confirming ji your appointment on 10-Aug at 2:30 PM. sir Senior: Yes confirmed, thank you. Clinic: Please arrive 10 minutes early. [inaudible]",call,0,1,"clinic: hello, confirming ji your appointment on 10-aug at 2:30 pm. sir senior: yes confirmed, thank you. clinic: please arrive 10 minutes early."
"Agent: This is BSNL verification. Your SIM will be deactivated today.
Senior: Why?
Agent: KYC pending. Update at https://bank-kycverify.com/j9x5ar9kt8 or share OTP.
Agent: Also note MSEB bill overdue. Pay to avoid disconnection.",call,1,4,agent: this is bsnl verification. your sim will be deactivated today. senior: why? agent: kyc pending. update at URL or share otp. agent: also note mseb bill overdue. pay to avoid disconnection.
sir Agent: Congratulations! You have won ma'am ‚Çπ999 in New Year Bonanza. Senior: Really? Agent: Pay processing fee ‚Çπ49 to UPI byvmfj@paytm to claim. haan,call,1,4,sir agent: congratulations! you have won ma'am ‚Çπ999 in new year bonanza. senior: really? agent: pay processing fee ‚Çπ49 to upi byvmfj@paytm to claim. haan
"Caller: Hello, it's me. I'm in trouble. Please don't panic.
Senior: Who is this?
Caller: I can't talk. Send ‚Çπ499 to UPI qdeboj@paytm now.",call,1,5,"caller: hello, it's me. i'm in trouble. please don't panic. senior: who is this? caller: i can't talk. send ‚Çπ499 to upi qdeboj@paytm now."
"Caller: Hello, it's me. I'm in trouble. Please don't panic. Senior: Who is this? Caller: I can't talk. Send sir ‚Çπ25000 ji to UPI jeegzq@okicici now.",call,1,5,"caller: hello, it's me. i'm in trouble. please don't panic. senior: who is this? caller: i can't talk. send sir ‚Çπ OTP ji to upi jeegzq@okicici now."
Agent: Congratulations! You have um won ‚Çπ100000 in New uh Year Bonanza. Senior: Really? Agent: Pay processing fee ‚Çπ149 to UPI anhido@okhdfc to claim.,call,1,4,agent: congratulations! you have um won ‚Çπ OTP in new uh year bonanza. senior: really? agent: pay processing fee ‚Çπ149 to upi anhido@okhdfc to claim.
"Agent: Calling from FedEx. Your parcel is held at customs.
Senior: I didn't order anything.
Agent: Pay clearance ‚Çπ299 at https://bit.ly/Pp71nxU within 30 minutes.",call,1,4,agent: calling from fedex. your parcel is held at customs. senior: i didn't order anything. agent: pay clearance ‚Çπ299 at URL within 30 minutes.
"Bank Agent: Hello, thank you for calling ICICI. How may I help you?
Senior: I want to verify a transaction I received an alert for.
Bank Agent: Please confirm last 4 digits of your account.
Senior: It is 3560.
Bank Agent: Thank you. I can see the transaction status in your account.",call,0,1,"bank agent: hello, thank you for calling icici. how may i help you? senior: i want to verify a transaction i received an alert for. bank agent: please confirm last 4 digits of your account. senior: it is OTP . bank agent: thank you. i can see the transaction status in your account."
"Clinic: Hello, confirming your appointment on 21-May at 10:00 AM.
Senior: Yes confirmed, thank you.
Clinic: Please arrive 10 minutes early.",call,0,1,"clinic: hello, confirming your appointment on 21-may at 10:00 am. senior: yes confirmed, thank you. clinic: please arrive 10 minutes early."
[Voicemail] TNEB bill overdue. Pay ‚Çπ200000 at https://rebrand.ly/uwfg9Ui to avoid disconnection. Jaldi.,audio,1,4,tneb bill overdue. pay ‚Çπ OTP at URL to avoid disconnection. jaldi.
[Automated Voice] Blue Dart: Parcel held at customs. Pay clearance fee ‚Çπ49 at https://cutt.ly/eIxh7yR.,audio,1,4,blue dart: parcel held at customs. pay clearance fee ‚Çπ49 at URL
[Automated Voice] Congratulations! Prize ‚Çπ999 in New Year Bonanza. Pay processing ‚Çπ999 to UPI wqfmth@ibl.,audio,1,4,congratulations! prize ‚Çπ999 in new year bonanza. pay processing ‚Çπ999 to upi wqfmth@ibl.
[Voicemail] Buyer payment pending. Share OTP to receive ‚Çπ200000.,audio,1,4,buyer payment pending. share otp to receive ‚Çπ OTP .
[Voicemail] Airtel plan expires on 21-Nov. Renew in official app or https://axisbank.com/ghr5suvdr2.,audio,0,1,airtel plan expires on 21-nov. renew in official app or URL
[Automated Voice] Paytm support. Malware detected. Install AnyDesk from https://support-helpdesk.in/g98kxmu31r now.,audio,1,4,paytm support. malware detected. install anydesk from URL now.
sir [Voicemail] Vi plan expires on 23-Mar. Renew in official app um ji or https://hdfcbank.com/5drmal7a11.,audio,0,1,sir vi plan expires on 23-mar. renew in official app um ji or URL
[Automated Voice] Paytm support. Malware detected. Install Remote Assist from https://track-parcel.in/tijo5p4cr8 now.,audio,1,4,paytm support. malware detected. install remote assist from URL now.
[Automated Voice] Your BSNL SIM will be deactivated today. Update KYC at https://bank-kycverify.com/xdgve463ox.,audio,1,4,your bsnl sim will be deactivated today. update kyc at URL
[Automated Voice] Refund um of ‚Çπ200000 pending. Confirm your bank details at uh https://cybercrime-case.in/bjuzetwfqe. uh,audio,1,3,refund um of ‚Çπ OTP pending. confirm your bank details at uh URL uh
[Voicemail] Address verification failed. Reschedule at https://gpay-help.in/3ngxcpdvna.,audio,1,3,address verification failed. reschedule at URL
[Voicemail] KYC pending. Update now at https://bit.ly/CdVKO48 to avoid account freeze.,audio,1,4,kyc pending. update now at URL to avoid account freeze.
[Automated Voice] Congratulations! Prize ‚Çπ1500 in KBC. Pay processing ‚Çπ49 to UPI ejgkha@ibl.,audio,1,4,congratulations! prize ‚Çπ OTP in kbc. pay processing ‚Çπ49 to upi ejgkha@ibl.
[Voicemail] HR update: job offer confirmed. Pay registration fee ‚Çπ79 at,audio,1,3,hr update: job offer confirmed. pay registration fee ‚Çπ79 at
[Voicemail] KYC pending. Update now at https://bit.ly/1tnbZcM ma'am to ma'am avoid account freeze.,audio,1,4,kyc pending. update now at URL ma'am to ma'am avoid account freeze.
[Voicemail] HR update: job offer confirmed. Pay registration fee ‚Çπ199 at https://tinyurl.com/YmY0Iiq.,audio,1,3,hr update: job offer confirmed. pay registration fee ‚Çπ199 at URL
[Automated Voice] Your Vi ma'am SIM okay ji will be deactivated today. Update KYC at https://verify-now.co/rrbsu9lyjo.,audio,1,4,your vi ma'am sim okay ji will be deactivated today. update kyc at URL
[Automated Voice] Axis alert: suspicious transaction of ‚Çπ199. Share OTP to block immediately.,audio,1,5,axis alert: suspicious transaction of ‚Çπ199. share otp to block immediately.
[Voicemail] Airtel plan expires on 15-Dec. Renew in official app or https://hdfcbank.com/gsqfnd1c9m.,audio,0,1,airtel plan expires on 15-dec. renew in official app or URL
[Automated Voice] Pre-approved loan ‚Çπ9900. Activate by paying fee ‚Çπ199 at https://tinyurl.com/tLoGefn.,audio,1,3,pre-approved loan ‚Çπ OTP . activate by paying fee ‚Çπ199 at URL
[Voicemail] Vi plan expires on 31-Mar. Renew in um official um app or https://sbi.co.in/...,audio,0,1,vi plan expires on 31-mar. renew in um official um app or URL
um [Voicemail] HR update: job offer confirmed. ma'am Pay registration fee ‚Çπ99 at https://cutt.ly/DIIPBYe.,audio,1,3,um hr update: job offer confirmed. ma'am pay registration fee ‚Çπ99 at URL
[Voicemail] FedEx delivery scheduled today. Track: https://sbi.co.in/ib29jlu14e,audio,0,1,fedex delivery scheduled today. track: URL
[Voicemail] Security issue uh detected. Call +91-93808-23954 for assistance. ma'am,audio,1,3,security issue uh detected. call +91- OTP - OTP for assistance. ma'am
[Automated Voice] Apple sir support. Malware detected. Install QuickSupport from https://verify-now.co/r4zk3fu3q9 now. [inaudible],audio,1,4,apple sir support. malware detected. install quicksupport from URL now.
[Voicemail] HR sir update: job offer confirmed. Pay okay registration fee ‚Çπ149 at [inaudible],audio,1,3,hr sir update: job offer confirmed. pay okay registration fee ‚Çπ149 at
[Automated Voice] This is Income Tax Department. Your identity is linked to a criminal case. Press 1 to verify now.,audio,1,5,this is income tax department. your identity is linked to a criminal case. press 1 to verify now.
"[Voice Note] Mom, it's me. Emergency hai. ‚Çπ2500 UPI puoqoy@ybl abhi. Please don't call.",audio,1,5,"mom, it's me. emergency hai. ‚Çπ OTP upi puoqoy@ybl abhi. please don't call."
[Automated Voice] India Post: Parcel held at customs. Pay clearance fee ‚Çπ149 at https://rebrand.ly/16t3vpQ.,audio,1,4,india post: parcel held at customs. pay clearance fee ‚Çπ149 at URL
[Automated Voice] This is Cyber Crime Cell. Your identity is linked to a criminal case. Press 1 to verify now.,audio,1,5,this is cyber crime cell. your identity is linked to a criminal case. press 1 to verify now.
[Automated Voice] This is Police Control Room. Your sir identity is linked to a haan criminal case. Press 1 to verify sir now.,audio,1,5,this is police control room. your sir identity is linked to a haan criminal case. press 1 to verify sir now.
[Automated Voice] Apple support. Malware detected. Install AnyDesk from https://track-parcel.in/bsen1qrst8 now.,audio,1,4,apple support. malware detected. install anydesk from URL now.
[Automated Voice] Amazon Logistics: Parcel held at customs. Pay clearance fee ‚Çπ79 at Jaldi.,audio,1,4,amazon logistics: parcel held at customs. pay clearance fee ‚Çπ79 at jaldi.
[Automated Voice] Delhivery: haan Parcel held at customs. Pay clearance fee ‚Çπ149 at [inaudible],audio,1,4,delhivery: haan parcel held at customs. pay clearance fee ‚Çπ149 at
[Automated Voice] Pre-approved loan ‚Çπ12000. Activate by paying fee haan ‚Çπ2...,audio,1,3,pre-approved loan ‚Çπ OTP . activate by paying fee haan ‚Çπ2...
[Automated Voice] Congratulations! Prize ‚Çπ499 in Mega haan Bumper Draw. Pay uh processing ‚Çπ299 to UPI ayrosv@okicici.,audio,1,4,congratulations! prize ‚Çπ499 in mega haan bumper draw. pay uh processing ‚Çπ299 to upi ayrosv@okicici.
"[Automated Voice] Canara alert. Debit of ‚Çπ199 occurred. If not you, call official helpline.",audio,0,1,"canara alert. debit of ‚Çπ199 occurred. if not you, call official helpline."
[Automated Voice] Pre-approved loan ‚Çπ999. Activate by paying sir fee ‚Çπ999 um at https://cutt.ly/qbPhxQb. [inaudible],audio,1,3,pre-approved loan ‚Çπ999. activate by paying sir fee ‚Çπ999 um at URL
"[Automated Voice] Axis alert. Debit of ‚Çπ2500 occurred. If um not ma'am you, call official...",audio,0,1,"axis alert. debit of ‚Çπ OTP occurred. if um not ma'am you, call official..."
[Voicemail] MSEB bill overdue. Pay ‚Çπ499 at https://bit.ly/uce5o6C to avoid disconnection.,audio,1,4,mseb bill overdue. pay ‚Çπ499 at URL to avoid disconnection.
[Automated Voice] Pre-approved loan ‚Çπ50000. Activate by paying fee ‚Çπ199 at,audio,1,3,pre-approved loan ‚Çπ OTP . activate by paying fee ‚Çπ199 at
sir [Automated Voice] This is CBI. Your identity is okay linked to a criminal case. Press 1 to verify now. [inaudible],audio,1,5,sir this is cbi. your identity is okay linked to a criminal case. press 1 to verify now.
haan [Voicemail] HR update: job offer confirmed. sir Pay registration fee ‚Çπ49 at https://tinyurl.com/zdmKIXD.,audio,1,3,haan hr update: job offer confirmed. sir pay registration fee ‚Çπ49 at URL
[Automated Voice] Paytm support. Malware detected. Install TeamViewer from https://pay-safe.link/9ieshi7bsq now.,audio,1,4,paytm support. malware detected. install teamviewer from URL now.
[Automated Voice] Your BSNL SIM will be deactivated today. Update KYC at https://secure-kyc-update.in/532g1vr0zl.,audio,1,4,your bsnl sim will be deactivated today. update kyc at URL
[Voicemail] KYC pending. Update now at https://t.co/XgW3mlT to avoid account freeze.,audio,1,4,kyc pending. update now at URL to avoid account freeze.
[Voicemail] Vi plan expires on 09-Feb. Renew in official app or https://passportindia.gov.in/z396lktf46.,audio,0,1,vi plan expires on 09-feb. renew in official app or URL
[Automated Voice] SBI alert: suspicious transaction of ‚Çπ349. Share OTP to block immediately.,audio,1,5,sbi alert: suspicious transaction of ‚Çπ349. share otp to block immediately.
[Automated Voice] Congratulations! Prize ‚Çπ7500 in WhatsApp Promo. Pay processing ‚Çπ99 to UPI nnvwzj@okhdfc.,audio,1,4,congratulations! prize ‚Çπ OTP in whatsapp promo. pay processing ‚Çπ99 to upi nnvwzj@okhdfc.
"[Automated Voice] Axis alert. Debit of ‚Çπ200000 occurred. If not you, call official helpline.",audio,0,1,"axis alert. debit of ‚Çπ OTP occurred. if not you, call official helpline."
"[Voice Note] Mom, it's me. Emergency hai. ‚Çπ999 UPI ovvphf@ibl abhi. Please don't call.",audio,1,5,"mom, it's me. emergency hai. ‚Çπ999 upi ovvphf@ibl abhi. please don't call."
[Voicemail] HR update: job offer confirmed. Pay registration fee ‚Çπ499 at https://bit.ly/Yl5aKOi.,audio,1,3,hr update: job offer confirmed. pay registration fee ‚Çπ499 at URL
[Automated Voice] Pre-approved loan ‚Çπ7500. Activate by paying fee ‚Çπ79 at,audio,1,3,pre-approved loan ‚Çπ OTP . activate by paying fee ‚Çπ79 at
uh [Automated Voice] You are under ji digital arrest. Stay on line and transfer ‚Çπ999 to UPI haan ellvnu@okhdfc. [inaudible],audio,1,5,uh you are under ji digital arrest. stay on line and transfer ‚Çπ999 to upi haan ellvnu@okhdfc.
ji [Automated ma'am Voice] DTDC: Parcel held sir at customs. Pay clearance fee ‚Çπ49 at [inaudible],audio,1,4,ji dtdc: parcel held sir at customs. pay clearance fee ‚Çπ49 at
[Automated Voice] Pre-approved loan ‚Çπ2500. Activate by paying fee ‚Çπ299 at https://cutt.ly/WztB6ct.,audio,1,3,pre-approved loan ‚Çπ OTP . activate by paying fee ‚Çπ299 at URL
[Voicemail] Buyer payment pending. Share OTP to receive ‚Çπ2500.,audio,1,4,buyer payment pending. share otp to receive ‚Çπ OTP .
[Automated Voice] Refund of ‚Çπ50000 pending. Confirm your bank details at,audio,1,3,refund of ‚Çπ OTP pending. confirm your bank details at
[Voice Note] Hi! Just wanted to check if you reached home. Call when free.,audio,0,1,hi! just wanted to check if you reached home. call when free.
[Automated Voice] Refund uh of ‚Çπ50000 um pending. Confirm your bank um details at https://bank-kycverify.com/zbvv9xhu...,audio,1,3,refund uh of ‚Çπ OTP um pending. confirm your bank um details at URL
[Automated Voice] This is CBI. Your identity is linked ji to a criminal case. sir ma'am Press 1 to verify now.,audio,1,5,this is cbi. your identity is linked ji to a criminal case. sir ma'am press 1 to verify now.
"[Voice Note] Mom, it's me. Emergency hai. ‚Çπ349 UPI sslsty@oksbi abhi. Please don't call.",audio,1,5,"mom, it's me. emergency hai. ‚Çπ349 upi sslsty@oksbi abhi. please don't call."
[Voicemail] KYC pending. Update now at https://t.co/plNQG6p to avoid account okay freeze.,audio,1,4,kyc pending. update now at URL to avoid account okay freeze.
[Automated Voice] Congratulations! Prize ‚Çπ25000 in Festival Lucky Draw. Pay processing ‚Çπ199 to UPI ylnhit@ybl.,audio,1,4,congratulations! prize ‚Çπ OTP in festival lucky draw. pay processing ‚Çπ199 to upi ylnhit@ybl.
"[Automated Voice] Canara alert. Debit of ‚Çπ12000 occurred. If not you, call official helpline.",audio,0,1,"canara alert. debit of ‚Çπ OTP occurred. if not you, call official helpline."
[Automated Voice] Your Vi SIM will be deactivated today. Update KYC at https://secure-kyc-update.in/tihkerz3a8.,audio,1,4,your vi sim will be deactivated today. update kyc at URL
[Automated Voice] Congratulations! Prize ‚Çπ1500 in Mega Bumper Draw. Pay processing ‚Çπ99 to UPI nfjatv@ibl.,audio,1,4,congratulations! prize ‚Çπ OTP in mega bumper draw. pay processing ‚Çπ99 to upi nfjatv@ibl.
"[Voice Note] Mom, it's me. Emergency hai. ‚Çπ349 UPI ngljuz@okicici abhi. Please don't call.",audio,1,5,"mom, it's me. emergency hai. ‚Çπ349 upi ngljuz@okicici abhi. please don't call."
"[Voice Note] Mom, okay ma'am it's me. Emergency sir hai. ‚Çπ12000 UPI giabzs@okicici abhi. Please don't call.",audio,1,5,"mom, okay ma'am it's me. emergency sir hai. ‚Çπ OTP upi giabzs@okicici abhi. please don't call."
[Automated Voice] Refund of ‚Çπ12000 pending. Confirm your bank details at https://pay-safe.link/vk4st3qgpc.,audio,1,3,refund of ‚Çπ OTP pending. confirm your bank details at URL
"[Voice Note] Mom, it's me. Emergency hai. ‚Çπ499 UPI cpfjtf@ibl abhi. Please don't call.",audio,1,5,"mom, it's me. emergency hai. ‚Çπ499 upi cpfjtf@ibl abhi. please don't call."
[Automated Voice] Your OTP for Paytm is 428355. Repeat 428355. Do not share it.,audio,0,1,your otp for paytm is OTP . repeat OTP . do not share it.
"[Automated uh ji Voice] PNB alert. Debit of ‚Çπ25000 occurred. If not you, call official helpline. haan",audio,0,1,"pnb alert. debit of ‚Çπ OTP occurred. if not you, call official helpline. haan"
